Name,Error-type,SMILES,Details
1,No solutions passed the ring-count check,COC1=CC(C2=CN(C)C(=O)C3=CN=CC=C23)=CC(OC)=C1CN1CCN(CCOCCOCC(=O)N[C@H](C(=O)N2C[C@H](O)C[C@H]2C(=O)NCC2=CC=C(C3=C(C)N=CS3)C=C2)C(C)(C)C)CC1,Final solution dataframe is empty
2,No solutions passed the ring-count check,COC1=CC(C2=CN(C)C(=O)C3=CN=CC=C23)=CC(OC)=C1CN1CCN(CCOCCOCCOCCOCC(=O)N[C@H](C(=O)N2C[C@H](O)C[C@H]2C(=O)NCC2=CC=C(C3=C(C)N=CS3)C=C2)C(C)(C)C)CC1,Final solution dataframe is empty
3,No solutions passed the ring-count check,COC1=CC(C2=CN(C)C(=O)C3=CN=CC=C23)=CC(OC)=C1CN1CCN(CCOCCOCC(=O)NCCNC2=CC=CC3=C2C(=O)N(C2CCC(=O)NC2=O)C3=O)CC1,Final solution dataframe is empty
4,No solutions passed the ring-count check,COC1=CC(C2=CN(C)C(=O)C3=CN=CC=C23)=CC(OC)=C1CN1CCN(CCOCCOCCOCCOCC(=O)NCCNC2=CC=CC3=C2C(=O)N(C2CCC(=O)NC2=O)C3=O)CC1,Final solution dataframe is empty
5,E3 ligand matching failed,COC1=CC(C2=CN(C)C(=O)C3=CN=CC=C23)=CC(OC)=C1CN1CCN(CCOCCOCC(=O)NCC2=CC=C(S(=O)(=O)NC3=CC=CC4=C3[NH]C=C4Cl)C=C2)CC1,No substructure matches found
6,E3 ligand matching failed,COC1=CC(C2=CN(C)C(=O)C3=CN=CC=C23)=CC(OC)=C1CN1CCN(CCOCCOCCOCCOCC(=O)NCC2=CC=C(S(=O)(=O)NC3=CC=CC4=C3[NH]C=C4Cl)C=C2)CC1,No substructure matches found
7,No solutions passed the ring-count check,COC1=CC(C2=CN(C)C(=O)C3=CN=CC=C23)=CC(OC)=C1CN1CCN(CCOCCOCCOCCOCCOCC(=O)N[C@H](C(=O)N2C[C@H](O)C[C@H]2C(=O)NCC2=CC=C(C3=C(C)N=CS3)C=C2)C(C)(C)C)CC1,Final solution dataframe is empty
8,No solutions passed the ring-count check,COC1=CC(C2=CN(C)C(=O)C3=CN=CC=C23)=CC(OC)=C1CN1CCN(CCCCCOCCOCC(=O)N[C@@H](C(=O)N2C[C@@H](O)C[C@@H]2C(=O)NCC2=CC=C(C3=C(C)N=CS3)C=C2)C(C)(C)C)CC1,Final solution dataframe is empty
9,No solutions passed the ring-count check,COC1=CC(C2=CN(C)C(=O)C3=CN=CC=C23)=CC(OC)=C1CN1CCN(CCOCCOCCOCC(=O)N[C@H](C(=O)N2C[C@H](O)C[C@H]2C(=O)NCC2=CC=C(C3=C(C)N=CS3)C=C2)C(C)(C)C)CC1,Final solution dataframe is empty
10,No solutions passed the ring-count check,COC1=CC(C2=CN(C)C(=O)C3=CN=CC=C23)=CC(OC)=C1CN1CCN(C(=O)COCCOCCOCC(=O)N[C@H](C(=O)N2C[C@H](O)C[C@H]2C(=O)NCC2=CC=C(C3=C(C)N=CS3)C=C2)C(C)(C)C)CC1,Final solution dataframe is empty
11,No solutions passed the ring-count check,COC1=CC(C2=CN(C)C(=O)C3=CN=CC=C23)=CC(OC)=C1CN1CCN(CCOCCOCCOC2=CC(C3=C(C)N=CS3)=CC=C2CNC(=O)[C@@H]2C[C@@H](O)CN2C(=O)[C@@H](NC(=O)C2(F)CC2)C(C)(C)C)CC1,Final solution dataframe is empty
12,No solutions passed the ring-count check,COC1=CC(C2=CN(C)C(=O)C3=CN=CC=C23)=CC(OC)=C1CN1CCN(CCOCCOCCOC2=CC(C3=C(C)N=CS3)=CC=C2CNC(=O)[C@@H]2C[C@@H](O)CN2C(=O)[C@@H](NC(=O)C2(C#N)CC2)C(C)(C)C)CC1,Final solution dataframe is empty
13,No solutions passed the ring-count check,COC1=CC(C2=CN(C)C(=O)C3=CN=CC=C23)=CC(OC)=C1CN1CCN(CCOCCOCCOC2=CC(C3=C(C)N=CS3)=CC=C2CNC(=O)[C@@H]2C[C@@H](O)CN2C(=O)[C@@H](NC(C)=O)C(C)(C)C)CC1,Final solution dataframe is empty
14,No solutions passed the ring-count check,COC1=CC(C2=CN(C)C(=O)C3=CN=CC=C23)=CC(OC)=C1CN1CCN(CCOCCOCCOCCOCCOC2=CC(C3=C(C)N=CS3)=CC=C2CNC(=O)[C@@H]2C[C@@H](O)CN2C(=O)[C@@H](NC(=O)C2(F)CC2)C(C)(C)C)CC1,Final solution dataframe is empty
15,No solutions passed the ring-count check,COC1=CC(C2=CN(C)C(=O)C3=CN=CC=C23)=CC(OC)=C1CN1CCN(CCOCCOCCOCCOCCOC2=CC(C3=C(C)N=CS3)=CC=C2CNC(=O)[C@@H]2C[C@@H](O)CN2C(=O)[C@@H](NC(=O)C2(C#N)CC2)C(C)(C)C)CC1,Final solution dataframe is empty
16,No solutions passed the ring-count check,COC1=CC(C2=CN(C)C(=O)C3=CN=CC=C23)=CC(OC)=C1CN1CCN(CCOCCOCCOCCOCCOC2=CC(C3=C(C)N=CS3)=CC=C2CNC(=O)[C@@H]2C[C@@H](O)CN2C(=O)[C@@H](NC(C)=O)C(C)(C)C)CC1,Final solution dataframe is empty
17,No solutions passed the ring-count check,COC1=CC(C2=CN(C)C(=O)C3=CN=CC=C23)=CC(OC)=C1CN1CCN(CCOCCOC2=CC(C3=C(C)N=CS3)=CC=C2CNC(=O)[C@@H]2C[C@@H](O)CN2C(=O)[C@@H](NC(=O)C2(F)CC2)C(C)(C)C)CC1,Final solution dataframe is empty
18,No solutions passed the ring-count check,COC1=CC(C2=CN(C)C(=O)C3=CN=CC=C23)=C(OC)C=C1CN1CCN(CCOCCOC2=CC(C3=C(C)N=CS3)=CC=C2CNC(=O)[C@@H]2C[C@@H](O)CN2C(=O)[C@@H](NC(=O)C2(F)CC2)C(C)(C)C)CC1,Final solution dataframe is empty
19,No solutions passed the ring-count check,COC1=CC(C2=CN(C)C(=O)C3=CN=CC=C23)=C(OC)C=C1CN1CCN(CCOCCOCCOC2=CC(C3=C(C)N=CS3)=CC=C2CNC(=O)[C@@H]2C[C@@H](O)CN2C(=O)[C@@H](NC(=O)C2(F)CC2)C(C)(C)C)CC1,Final solution dataframe is empty
20,No solutions passed the ring-count check,COC1=CC(C2=CN(C)C(=O)C3=CN=CC=C23)=CC(OC)=C1CN1CCN(CCOCCOCCOCCOC2=CC(C3=C(C)N=CS3)=CC=C2CNC(=O)[C@@H]2C[C@@H](O)CN2C(=O)[C@@H](NC(=O)C2(F)CC2)C(C)(C)C)CC1,Final solution dataframe is empty
21,No solutions passed the ring-count check,COC1=CC(C2=CN(C)C(=O)C3=CN=CC=C23)=C(OC)C=C1CN1CCN(CCOCCOCCOCCOC2=CC(C3=C(C)N=CS3)=CC=C2CNC(=O)[C@@H]2C[C@@H](O)CN2C(=O)[C@@H](NC(=O)C2(F)CC2)C(C)(C)C)CC1,Final solution dataframe is empty
22,No solutions passed the ring-count check,COC1=CC(C2=CN(C)C(=O)C3=CN=CC=C23)=CC(OC)=C1CN1CCN(CCCCCOC2=CC(C3=C(C)N=CS3)=CC=C2CNC(=O)[C@@H]2C[C@@H](O)CN2C(=O)[C@@H](NC(=O)C2(F)CC2)C(C)(C)C)CC1,Final solution dataframe is empty
23,No solutions passed the ring-count check,COC1=CC(C2=CN(C)C(=O)C3=CN=CC=C23)=C(OC)C=C1CN1CCN(CCCCCOC2=CC(C3=C(C)N=CS3)=CC=C2CNC(=O)[C@@H]2C[C@@H](O)CN2C(=O)[C@@H](NC(=O)C2(F)CC2)C(C)(C)C)CC1,Final solution dataframe is empty
24,No solutions passed the ring-count check,COC1=CC(C2=CN(C)C(=O)C3=CN=CC=C23)=CC(OC)=C1CN1CCN(CCCCCOCCOC2=CC(C3=C(C)N=CS3)=CC=C2CNC(=O)[C@@H]2C[C@@H](O)CN2C(=O)[C@@H](NC(=O)C2(F)CC2)C(C)(C)C)CC1,Final solution dataframe is empty
25,No solutions passed the ring-count check,COC1=CC(C2=CN(C)C(=O)C3=CN=CC=C23)=C(OC)C=C1CN1CCN(CCCCCOCCOC2=CC(C3=C(C)N=CS3)=CC=C2CNC(=O)[C@@H]2C[C@@H](O)CN2C(=O)[C@@H](NC(=O)C2(F)CC2)C(C)(C)C)CC1,Final solution dataframe is empty
26,No solutions passed the ring-count check,COC1=CC(C2=CN(C)C(=O)C3=CN=CC=C23)=CC(OC)=C1CN1CC(NC(=O)COCCOC2=CC(C3=C(C)N=CS3)=CC=C2CNC(=O)[C@@H]2C[C@@H](O)CN2C(=O)[C@@H](NC(=O)C2(F)CC2)C(C)(C)C)C1,Final solution dataframe is empty
27,No solutions passed the ring-count check,COC1=CC(C2=CN(C)C(=O)C3=CN=CC=C23)=C(OC)C=C1CN1CC(NC(=O)COCCOC2=CC(C3=C(C)N=CS3)=CC=C2CNC(=O)[C@@H]2C[C@@H](O)CN2C(=O)[C@@H](NC(=O)C2(F)CC2)C(C)(C)C)C1,Final solution dataframe is empty
28,No solutions passed the ring-count check,COC1=CC(C2=CN(C)C(=O)C3=CN=CC=C23)=CC(OC)=C1CN1CC(NC(=O)COCCOCCOC2=CC(C3=C(C)N=CS3)=CC=C2CNC(=O)[C@@H]2C[C@@H](O)CN2C(=O)[C@@H](NC(=O)C2(F)CC2)C(C)(C)C)C1,Final solution dataframe is empty
29,No solutions passed the ring-count check,COC1=CC(C2=CN(C)C(=O)C3=CN=CC=C23)=C(OC)C=C1CN1CC(NC(=O)COCCOCCOC2=CC(C3=C(C)N=CS3)=CC=C2CNC(=O)[C@@H]2C[C@@H](O)CN2C(=O)[C@@H](NC(=O)C2(F)CC2)C(C)(C)C)C1,Final solution dataframe is empty
30,No solutions passed the ring-count check,COC1=CC(C2=CN(C)C(=O)C3=CN=CC=C23)=CC(OC)=C1CN1CC(NC(=O)COCCOCCOCCOC2=CC(C3=C(C)N=CS3)=CC=C2CNC(=O)[C@@H]2C[C@@H](O)CN2C(=O)[C@@H](NC(=O)C2(F)CC2)C(C)(C)C)C1,Final solution dataframe is empty
31,No solutions passed the ring-count check,COC1=CC(C2=CN(C)C(=O)C3=CN=CC=C23)=C(OC)C=C1CN1CC(NC(=O)COCCOCCOCCOC2=CC(C3=C(C)N=CS3)=CC=C2CNC(=O)[C@@H]2C[C@@H](O)CN2C(=O)[C@@H](NC(=O)C2(F)CC2)C(C)(C)C)C1,Final solution dataframe is empty
32,No solutions passed the ring-count check,COC1=CC(C2=CN(C)C(=O)C3=CN=CC=C23)=CC(OC)=C1CN1CC(NC(=O)CCCCOC2=CC(C3=C(C)N=CS3)=CC=C2CNC(=O)[C@@H]2C[C@@H](O)CN2C(=O)[C@@H](NC(=O)C2(F)CC2)C(C)(C)C)C1,Final solution dataframe is empty
33,No solutions passed the ring-count check,COC1=CC(C2=CN(C)C(=O)C3=CN=CC=C23)=C(OC)C=C1CN1CC(NC(=O)CCCCOC2=CC(C3=C(C)N=CS3)=CC=C2CNC(=O)[C@@H]2C[C@@H](O)CN2C(=O)[C@@H](NC(=O)C2(F)CC2)C(C)(C)C)C1,Final solution dataframe is empty
34,No solutions passed the ring-count check,COC1=CC(C2=CN(C)C(=O)C3=CN=CC=C23)=CC(OC)=C1CN1CC(NC(=O)CCCCOCCOC2=CC(C3=C(C)N=CS3)=CC=C2CNC(=O)[C@@H]2C[C@@H](O)CN2C(=O)[C@@H](NC(=O)C2(F)CC2)C(C)(C)C)C1,Final solution dataframe is empty
35,No solutions passed the ring-count check,COC1=CC(C2=CN(C)C(=O)C3=CN=CC=C23)=C(OC)C=C1CN1CC(NC(=O)CCCCOCCOC2=CC(C3=C(C)N=CS3)=CC=C2CNC(=O)[C@@H]2C[C@@H](O)CN2C(=O)[C@@H](NC(=O)C2(F)CC2)C(C)(C)C)C1,Final solution dataframe is empty
57,No solutions passed the heavy-atom number check,CCN(CCOCCOCCOCC#CC1=CC=CC2=C1CN(C1CCC(=O)NC1=O)C2=O)CCOC1=CC=C(C(=O)C2=C(C3=CC=C(O)C=C3)SC3=CC(O)=CC=C23)C=C1,Final solution dataframe is empty
58,No solutions passed the heavy-atom number check,CCN(CCCCCCC#CC1=CC=CC2=C1CN(C1CCC(=O)NC1=O)C2=O)CCOC1=CC=C(C(=O)C2=C(C3=CC=C(O)C=C3)SC3=CC(O)=CC=C23)C=C1,Final solution dataframe is empty
59,No solutions passed the heavy-atom number check,CCN(CCOCCOCCOCCC(=O)N[C@H](C(=O)N1C[C@H](O)C[C@H]1C(=O)N[C@@H](C)C1=CC=C(C2=C(C)N=CS2)C=C1)C(C)(C)C)CCOC1=CC=C(C(=O)C2=C(C3=CC=C(O)C=C3)SC3=CC(O)=CC=C23)C=C1,Final solution dataframe is empty
60,No solutions passed the heavy-atom number check,CCN(CCCCCCCC(=O)N[C@H](C(=O)N1C[C@H](O)C[C@H]1C(=O)N[C@@H](C)C1=CC=C(C2=C(C)N=CS2)C=C1)C(C)(C)C)CCOC1=CC=C(C(=O)C2=C(C3=CC=C(O)C=C3)SC3=CC(O)=CC=C23)C=C1,Final solution dataframe is empty
61,No solutions passed the heavy-atom number check,CCN(CCCC(=O)N[C@H](C(=O)N1C[C@H](O)C[C@H]1C(=O)N[C@@H](C)C1=CC=C(C2=C(C)N=CS2)C=C1)C(C)(C)C)CCOC1=CC=C(C(=O)C2=C(C3=CC=C(O)C=C3)SC3=CC(O)=CC=C23)C=C1,Final solution dataframe is empty
62,No solutions passed the heavy-atom number check,CCN(CCCCC(=O)N[C@H](C(=O)N1C[C@H](O)C[C@H]1C(=O)N[C@@H](C)C1=CC=C(C2=C(C)N=CS2)C=C1)C(C)(C)C)CCOC1=CC=C(C(=O)C2=C(C3=CC=C(O)C=C3)SC3=CC(O)=CC=C23)C=C1,Final solution dataframe is empty
63,No solutions passed the heavy-atom number check,CCN(CCCCCC(=O)N[C@H](C(=O)N1C[C@H](O)C[C@H]1C(=O)N[C@@H](C)C1=CC=C(C2=C(C)N=CS2)C=C1)C(C)(C)C)CCOC1=CC=C(C(=O)C2=C(C3=CC=C(O)C=C3)SC3=CC(O)=CC=C23)C=C1,Final solution dataframe is empty
64,No solutions passed the heavy-atom number check,CCN(CCCCCCC(=O)N[C@H](C(=O)N1C[C@H](O)C[C@H]1C(=O)N[C@@H](C)C1=CC=C(C2=C(C)N=CS2)C=C1)C(C)(C)C)CCOC1=CC=C(C(=O)C2=C(C3=CC=C(O)C=C3)SC3=CC(O)=CC=C23)C=C1,Final solution dataframe is empty
65,No solutions passed the heavy-atom number check,CCN(CCCCCCCCC(=O)N[C@H](C(=O)N1C[C@H](O)C[C@H]1C(=O)N[C@@H](C)C1=CC=C(C2=C(C)N=CS2)C=C1)C(C)(C)C)CCOC1=CC=C(C(=O)C2=C(C3=CC=C(O)C=C3)SC3=CC(O)=CC=C23)C=C1,Final solution dataframe is empty
66,No solutions passed the heavy-atom number check,CCN(CCCCCCCCCC(=O)N[C@H](C(=O)N1C[C@H](O)C[C@H]1C(=O)N[C@@H](C)C1=CC=C(C2=C(C)N=CS2)C=C1)C(C)(C)C)CCOC1=CC=C(C(=O)C2=C(C3=CC=C(O)C=C3)SC3=CC(O)=CC=C23)C=C1,Final solution dataframe is empty
67,No solutions passed the integrity check,CC1=C(C2=CC=C([C@H](C)NC(=O)[C@@H]3C[C@@H](O)CN3C(=O)[C@@H](NC(=O)CCCCCCCN(C)CCOC3=CC=C(C(=O)C4=C(C5=CC=C(O)C=C5)SC5=CC(O)=CC=C45)C=C3)C(C)(C)C)C=C2)SC=N1,Final solutions dataframe is emtpy
68,No solutions passed the heavy-atom number check,CC1=C(C2=CC=C([C@H](C)NC(=O)[C@@H]3C[C@@H](O)CN3C(=O)[C@@H](NC(=O)CCCCCCCN(CCOC3=CC=C(C(=O)C4=C(C5=CC=C(O)C=C5)SC5=CC(O)=CC=C45)C=C3)C(C)C)C(C)(C)C)C=C2)SC=N1,Final solution dataframe is empty
69,No solutions passed the heavy-atom number check,CC1=C(C2=CC=C([C@H](C)NC(=O)[C@@H]3C[C@@H](O)CN3C(=O)[C@@H](NC(=O)CCCCCCCN(CCOC3=CC=C(C(=O)C4=C(C5=CC=C(O)C=C5)SC5=CC(O)=CC=C45)C=C3)C(C)(C)C)C(C)(C)C)C=C2)SC=N1,Final solution dataframe is empty
70,No solutions passed the heavy-atom number check,CC1=C(C2=CC=C([C@H](C)NC(=O)[C@@H]3C[C@@H](O)CN3C(=O)[C@@H](NC(=O)CCCCCCCN(CCOC3=CC=C(C(=O)C4=C(C5=CC=C(O)C=C5)SC5=CC(O)=CC=C45)C=C3)C3CC3)C(C)(C)C)C=C2)SC=N1,Final solution dataframe is empty
71,No solutions passed the integrity check,CC1=C(C2=CC=C([C@H](C)NC(=O)[C@@H]3C[C@@H](O)CN3C(=O)[C@@H](NC(=O)CCCCCCCN(CCOC3=CC=C(C(=O)C4=C(C5=CC=C(O)C=C5)SC5=CC(O)=CC=C45)C=C3)C3CCC3)C(C)(C)C)C=C2)SC=N1,Final solutions dataframe is emtpy
72,No solutions passed the integrity check,CC1=C(C2=CC=C([C@H](C)NC(=O)[C@@H]3C[C@@H](O)CN3C(=O)[C@@H](NC(=O)CCCCCCCN(CCOC3=CC=C(C(=O)C4=C(C5=CC=C(O)C=C5)SC5=CC(O)=CC=C45)C=C3)C3CCCC3)C(C)(C)C)C=C2)SC=N1,Final solutions dataframe is emtpy
73,No solutions passed the integrity check,CC1=C(C2=CC=C([C@H](C)NC(=O)[C@@H]3C[C@@H](O)CN3C(=O)[C@@H](NC(=O)CCCCCCCN(CCOC3=CC=C(C(=O)C4=C(C5=CC=C(O)C=C5)SC5=CC(O)=CC=C45)C=C3)C3CCCCC3)C(C)(C)C)C=C2)SC=N1,Final solutions dataframe is emtpy
74,No solutions passed the integrity check,CC1=C(C2=CC=C([C@H](C)NC(=O)[C@@H]3C[C@@H](O)CN3C(=O)[C@@H](NC(=O)CCCCCCCN(CCOC3=CC=C(C(=O)C4=C(C5=CC=C(O)C=C5)SC5=CC(O)=CC=C45)C=C3)CC3CCC3)C(C)(C)C)C=C2)SC=N1,Final solutions dataframe is emtpy
75,No solutions passed the heavy-atom number check,CCN(CCOCCOCCC(=O)N[C@H](C(=O)N1C[C@H](O)C[C@H]1C(=O)N[C@@H](C)C1=CC=C(C2=C(C)N=CS2)C=C1)C(C)(C)C)CCOC1=CC=C(C(=O)C2=C(C3=CC=C(O)C=C3)SC3=CC(O)=CC=C23)C=C1,Final solution dataframe is empty
76,No solutions passed the heavy-atom number check,CCN(CCOCCOCC(=O)N[C@H](C(=O)N1C[C@H](O)C[C@H]1C(=O)N[C@@H](C)C1=CC=C(C2=C(C)N=CS2)C=C1)C(C)(C)C)CCOC1=CC=C(C(=O)C2=C(C3=CC=C(O)C=C3)SC3=CC(O)=CC=C23)C=C1,Final solution dataframe is empty
77,No solutions passed the heavy-atom number check,CCN(CCCCCOCC(=O)N[C@H](C(=O)N1C[C@H](O)C[C@H]1C(=O)N[C@@H](C)C1=CC=C(C2=C(C)N=CS2)C=C1)C(C)(C)C)CCOC1=CC=C(C(=O)C2=C(C3=CC=C(O)C=C3)SC3=CC(O)=CC=C23)C=C1,Final solution dataframe is empty
78,No solutions passed the heavy-atom number check,CCN(CCOC1=CC=C(C(=O)C2=C(C3=CC=C(O)C=C3)SC3=CC(O)=CC=C23)C=C1)CCC1CCN(CCCC(=O)N[C@H](C(=O)N2C[C@H](O)C[C@H]2C(=O)N[C@@H](C)C2=CC=C(C3=C(C)N=CS3)C=C2)C(C)(C)C)CC1,Final solution dataframe is empty
79,No solutions passed the heavy-atom number check,CCN(CCOC1=CC=C(C(=O)C2=C(C3=CC=C(O)C=C3)SC3=CC(O)=CC=C23)C=C1)CCN1CCN(CCCC(=O)N[C@H](C(=O)N2C[C@H](O)C[C@H]2C(=O)N[C@@H](C)C2=CC=C(C3=C(C)N=CS3)C=C2)C(C)(C)C)CC1,Final solution dataframe is empty
80,No solutions passed the heavy-atom number check,CCN(CCCC#CC1=CN(CCC(=O)N[C@H](C(=O)N2C[C@H](O)C[C@H]2C(=O)N[C@@H](C)C2=CC=C(C3=C(C)N=CS3)C=C2)C(C)(C)C)N=C1)CCOC1=CC=C(C(=O)C2=C(C3=CC=C(O)C=C3)SC3=CC(O)=CC=C23)C=C1,Final solution dataframe is empty
81,No solutions passed the heavy-atom number check,CCN(CCC#CC1=CN(CC(=O)N[C@H](C(=O)N2C[C@H](O)C[C@H]2C(=O)N[C@@H](C)C2=CC=C(C3=C(C)N=CS3)C=C2)C(C)(C)C)N=C1)CCOC1=CC=C(C(=O)C2=C(C3=CC=C(O)C=C3)SC3=CC(O)=CC=C23)C=C1,Final solution dataframe is empty
82,No solutions passed the heavy-atom number check,CCN(CCCCC1=CN(CC(=O)N[C@H](C(=O)N2C[C@H](O)C[C@H]2C(=O)N[C@@H](C)C2=CC=C(C3=C(C)N=CS3)C=C2)C(C)(C)C)N=C1)CCOC1=CC=C(C(=O)C2=C(C3=CC=C(O)C=C3)SC3=CC(O)=CC=C23)C=C1,Final solution dataframe is empty
83,No solutions passed the integrity check,CC/C(=C(\C1=CC=C(O)C=C1)C1=CC=C(OCCN(CC)CCCCCCCC(=O)N[C@H](C(=O)N2C[C@H](O)C[C@H]2C(=O)N[C@@H](C)C2=CC=C(C3=C(C)N=CS3)C=C2)C(C)(C)C)C=C1)C1=CC=CC=C1,Final solutions dataframe is emtpy
84,No solutions passed the integrity check,CC/C(=C(\C1=CC=CC=C1)C1=CC=C(OCCN(CC)CCCCCCCC(=O)N[C@H](C(=O)N2C[C@H](O)C[C@H]2C(=O)N[C@@H](C)C2=CC=C(C3=C(C)N=CS3)C=C2)C(C)(C)C)C=C1)C1=CC=CC=C1,Final solutions dataframe is emtpy
85,No solutions passed the heavy-atom number check,CCN(CCCCCCCC(=O)N[C@H](C(=O)N1C[C@H](O)C[C@H]1C(=O)N[C@@H](C)C1=CC=C(C2=C(C)N=CS2)C=C1)C(C)(C)C)CCOC1=CC=C(CN2C(C3=CC=C(O)C=C3)=C(C)C3=CC(O)=CC=C32)C=C1,Final solution dataframe is empty
87,No solutions passed the heavy-atom number check,CCN(CCCCCCCC(=O)N[C@H](C(=O)N1C[C@H](O)C[C@H]1C(=O)NCC1=CC=C(C2=C(C)N=CS2)C=C1)C(C)(C)C)CCOC1=CC=C(C(=O)C2=C(C3=CC=C(O)C=C3)SC3=CC(O)=CC=C23)C=C1,Final solution dataframe is empty
88,No solutions passed the heavy-atom number check,CCN(CCCCCCCC(=O)N[C@H](C(=O)N1C[C@H](O)C[C@H]1C(=O)N[C@@H](C)C1=CC=C(Cl)C=C1)C(C)(C)C)CCOC1=CC=C(C(=O)C2=C(C3=CC=C(O)C=C3)SC3=CC(O)=CC=C23)C=C1,Final solution dataframe is empty
89,No solutions passed the heavy-atom number check,CCN(CCCCCCCC(=O)N[C@H](C(=O)N1C[C@H](O)C[C@H]1C(=O)N[C@@H](C)C1=CC=C(C#N)C=C1)C(C)(C)C)CCOC1=CC=C(C(=O)C2=C(C3=CC=C(O)C=C3)SC3=CC(O)=CC=C23)C=C1,Final solution dataframe is empty
90,No solutions passed the heavy-atom number check,C#CC1=CC=C([C@H](C)NC(=O)[C@@H]2C[C@@H](O)CN2C(=O)[C@@H](NC(=O)CCCCCCCN(CC)CCOC2=CC=C(C(=O)C3=C(C4=CC=C(O)C=C4)SC4=CC(O)=CC=C34)C=C2)C(C)(C)C)C=C1,Final solution dataframe is empty
91,No solutions passed the heavy-atom number check,CCN(CCCCCCCC(=O)N[C@H](C(=O)N1C[C@H](O)C[C@H]1C(=O)N[C@@H](C)C1=CC=C(C2CC2)C=C1)C(C)(C)C)CCOC1=CC=C(C(=O)C2=C(C3=CC=C(O)C=C3)SC3=CC(O)=CC=C23)C=C1,Final solution dataframe is empty
92,No solutions passed the heavy-atom number check,CCN(CCCCCCCC(=O)N[C@H](C(=O)N1C[C@H](O)C[C@H]1C(=O)N[C@@H](C)C1=CC=C(C(C)C)C=C1)C(C)(C)C)CCOC1=CC=C(C(=O)C2=C(C3=CC=C(O)C=C3)SC3=CC(O)=CC=C23)C=C1,Final solution dataframe is empty
93,No solutions passed the heavy-atom number check,CCN(CCCCCCCC(=O)N[C@H](C(=O)N1C[C@H](O)C[C@H]1C(=O)N[C@@H](C)C1=CC=C(C(C)(C)C)C=C1)C(C)(C)C)CCOC1=CC=C(C(=O)C2=C(C3=CC=C(O)C=C3)SC3=CC(O)=CC=C23)C=C1,Final solution dataframe is empty
94,No solutions passed the integrity check,CC1=C(C2=CC=C(CNC(=O)[C@@H]3C[C@@H](O)CN3C(=O)[C@@H](NC(=O)CCNC(=O)C3=CC=C(N4C(=S)N(C5=CC=C(C#N)C(C(F)(F)F)=C5)C(=O)C4(C)C)C=C3F)C(C)(C)C)C=C2)SC=N1,Final solutions dataframe is emtpy
114,No solutions passed the heavy-atom number check,CC1=NOC([C@H](C(=O)N2C[C@H](O)C[C@H]2C(=O)N[C@@H](CC(=O)N2CCN(C3=CC=C(C#CC4=CC=C(N5C(=S)N(C6=CC=C(C#N)C(C(F)(F)F)=C6)C(=O)C5(C)C)C=C4)C=N3)CC2)C2=CC=C(C3=C(C)N=CS3)C=C2)C(C)C)=C1,Final solution dataframe is empty
115,No solutions passed the heavy-atom number check,CC1=NOC([C@H](C(=O)N2C[C@H](O)C[C@H]2C(=O)N[C@@H](CC(=O)N2CCC(N3CCC(C#CC4=CC=C(N5C(=S)N(C6=CC=C(C#N)C(C(F)(F)F)=C6)C(=O)C5(C)C)C=C4)CC3)CC2)C2=CC=C(C3=C(C)N=CS3)C=C2)C(C)C)=C1,Final solution dataframe is empty
116,No solutions passed the heavy-atom number check,CC1=NOC([C@H](C(=O)N2C[C@H](O)C[C@H]2C(=O)N[C@@H](CC(=O)N2CCC(N3CCC(C#CC4=CC=C(N5C(=S)N(C6=CN=C(C#N)C(C(F)(F)F)=C6)C(=O)C56CCC6)C=C4)CC3)CC2)C2=CC=C(C3=C(C)N=CS3)C=C2)C(C)C)=C1,Final solution dataframe is empty
117,No solutions passed the heavy-atom number check,CC1=NOC([C@H](C(=O)N2C[C@H](O)C[C@H]2C(=O)N[C@@H](CC(=O)N2CCC(N3CCC(C#CC4=CC=C(S(=O)CC(C)(O)C(=O)NC5=CC=C(C#N)C(C(F)(F)F)=C5)C=C4)CC3)CC2)C2=CC=C(C3=C(C)N=CS3)C=C2)C(C)C)=C1,Final solution dataframe is empty
118,No solutions passed the heavy-atom number check,CC1=NOC([C@H](C(=O)N2C[C@H](O)C[C@H]2C(=O)N[C@@H](CC(=O)N2CCC(N3CCC(C#CC4=CC=C(C(=O)N[C@H]5C(C)(C)[C@H](OC6=CC=C(C#N)C(Cl)=C6)C5(C)C)C=C4)CC3)CC2)C2=CC=C(C3=C(C)N=CS3)C=C2)C(C)C)=C1,Final solution dataframe is empty
119,No solutions passed the heavy-atom number check,CC1=NOC([C@H](C(=O)N2C[C@H](O)C[C@H]2C(=O)N[C@@H](CC(=O)N2CCC(N3CCC(C#CC4=CC=C(CC5=C(C)N(C6=CC=C(C#N)C(Cl)=C6)N=C5C)C=C4)CC3)CC2)C2=CC=C(C3=C(C)N=CS3)C=C2)C(C)C)=C1,Final solution dataframe is empty
208,E3 ligand matching failed,COC1=CC(C(=O)NCCOCCOCCOCCNC(=O)C[C@@H]2N=C(C3=CC=C(Cl)C=C3)C3=C(SC(C)=C3C)N3C(C)=NN=C23)=CC=C1NC(=O)[C@@H]1N[C@@H](CC(C)(C)C)[C@](C#N)(C2=CC=C(Cl)C=C2F)[C@H]1C1=CC=CC(Cl)=C1F,No substructure matches found
249,E3 ligand matching failed,CCOC1=CC(C(C)(C)C)=CC=C1C1=NC(C)(C2=CC=C(Cl)C=C2)C(C)(C2=CC=C(Cl)C=C2)N1C(=O)N1CCN(CC(=O)NCCOCCOCCOCCN2C=C(C(=O)N3CCC[C@@H](N4N=C(C5=CC=C(OC6=CC=CC=C6)C=C5)C5=C(N)N=CN=C54)C3)N=N2)CC1,No substructure matches found
250,E3 ligand matching failed,CCOC1=CC(C(C)(C)C)=CC=C1C1=NC(C)(C2=CC=C(Cl)C=C2)C(C)(C2=CC=C(Cl)C=C2)N1C(=O)N1CCN(CC(=O)NCCOCCOCCOCCOCCN2C=C(C(=O)N3CCC[C@@H](N4N=C(C5=CC=C(OC6=CC=CC=C6)C=C5)C5=C(N)N=CN=C54)C3)N=N2)CC1,No substructure matches found
310,E3 ligand matching failed,CC(=O)N[C@@H](C(=O)N1C[C@H](O)C[C@H]1C(=O)NCC1=CC=C(C2=C(C)N=CS2)C=C1)C(C)(C)SCCCCCCNC(=O)C[C@@H]1N=C(C2=CC=C(Cl)C=C2)C2=C(SC(C)=C2C)N2C(C)=NN=C12,No substructure matches found
311,E3 ligand matching failed,CC(=O)N[C@@H](C(=O)N1C[C@H](O)C[C@H]1C(=O)NCC1=CC=C(C2=C(C)N=CS2)C=C1)C(C)(C)SCCCCNC(=O)C[C@@H]1N=C(C2=CC=C(Cl)C=C2)C2=C(SC(C)=C2C)N2C(C)=NN=C12,No substructure matches found
312,E3 ligand matching failed,CC(=O)N[C@@H](C(=O)N1C[C@H](O)C[C@H]1C(=O)NCC1=CC=C(C2=C(C)N=CS2)C=C1)C(C)(C)SCCOCCNC(=O)C[C@@H]1N=C(C2=CC=C(Cl)C=C2)C2=C(SC(C)=C2C)N2C(C)=NN=C12,No substructure matches found
313,E3 ligand matching failed,CC(=O)N[C@@H](C(=O)N1C[C@H](O)C[C@H]1C(=O)NCC1=CC=C(C2=C(C)N=CS2)C=C1)C(C)(C)SCCCOCCCNC(=O)C[C@@H]1N=C(C2=CC=C(Cl)C=C2)C2=C(SC(C)=C2C)N2C(C)=NN=C12,No substructure matches found
314,E3 ligand matching failed,CC(=O)N[C@@H](C(=O)N1C[C@H](O)C[C@H]1C(=O)NCC1=CC=C(C2=C(C)N=CS2)C=C1)C(C)(C)SCCCCOCCNC(=O)C[C@@H]1N=C(C2=CC=C(Cl)C=C2)C2=C(SC(C)=C2C)N2C(C)=NN=C12,No substructure matches found
315,E3 ligand matching failed,CC(=O)N[C@@H](C(=O)N1C[C@H](O)C[C@H]1C(=O)NCC1=CC=C(C2=C(C)N=CS2)C=C1)C(C)(C)SCCOCCOCCNC(=O)C[C@@H]1N=C(C2=CC=C(Cl)C=C2)C2=C(SC(C)=C2C)N2C(C)=NN=C12,No substructure matches found
354,No solutions passed the heavy-atom number check,C#CC1=CC=C([C@H](CC(=O)N2CCC(N3CCC(C#CC4=CC=C(C(=O)N[C@H]5C(C)(C)[C@H](OC6=CC=C(C#N)C(Cl)=C6)C5(C)C)C=C4)CC3)CC2)NC(=O)[C@@H]2C[C@@H](O)CN2C(=O)[C@@H](C2=CC(C)=NO2)C(C)C)C=C1,Final solution dataframe is empty
355,No solutions passed the heavy-atom number check,CC1=NOC([C@H](C(=O)N2C[C@H](O)C[C@H]2C(=O)N[C@@H](CC(=O)N2CCC(N3CCC(C#CC4=CC=C(C(=O)N[C@H]5C(C)(C)[C@H](OC6=CC=C(C#N)C(Cl)=C6)C5(C)C)C=C4)CC3)CC2)C2=CC=C(C#N)C=C2)C(C)C)=C1,Final solution dataframe is empty
356,No solutions passed the heavy-atom number check,CC1=NOC([C@H](C(=O)N2C[C@H](O)C[C@H]2C(=O)N[C@@H](CC(=O)N2CCC(N3CCC(C#CC4=CC=C(C(=O)N[C@H]5C(C)(C)[C@H](OC6=CC=C(C#N)C(Cl)=C6)C5(C)C)C=C4)CC3)CC2)C2=CC=C(Br)C=C2)C(C)C)=C1,Final solution dataframe is empty
357,No solutions passed the heavy-atom number check,CC1=NOC([C@H](C(=O)N2C[C@H](O)C[C@H]2C(=O)N[C@@H](CC(=O)N2CCC(N3CCC(C#CC4=CC=C(C(=O)N[C@H]5C(C)(C)[C@H](OC6=CC=C(C#N)C(Cl)=C6)C5(C)C)C=C4)CC3)CC2)C2=CC=C(Cl)C=C2)C(C)C)=C1,Final solution dataframe is empty
358,No solutions passed the heavy-atom number check,CC1=NOC([C@H](C(=O)N2C[C@H](O)C[C@H]2C(=O)N[C@@H](CC(=O)N2CCC(N3CCC(C#CC4=CC=C(C(=O)N[C@H]5C(C)(C)[C@H](OC6=CC=C(C#N)C(Cl)=C6)C5(C)C)C=C4)CC3)CC2)C2=CC=C(F)C=C2)C(C)C)=C1,Final solution dataframe is empty
359,No solutions passed the heavy-atom number check,CC1=NOC([C@H](C(=O)N2C[C@H](O)C[C@H]2C(=O)N[C@@H](CC(=O)N2CCC(N3CCC(C#CC4=CC=C(C(=O)N[C@H]5C(C)(C)[C@H](OC6=CC=C(C#N)C(Cl)=C6)C5(C)C)C=C4)CC3)CC2)C2=CC=CC=C2)C(C)C)=C1,Final solution dataframe is empty
360,No solutions passed the heavy-atom number check,CC(=O)N[C@H](C(=O)N1C[C@H](O)C[C@H]1C(=O)N[C@@H](CC(=O)N1CCC(N2CCC(C#CC3=CC=C(C(=O)N[C@H]4C(C)(C)[C@H](OC5=CC=C(C#N)C(Cl)=C5)C4(C)C)C=C3)CC2)CC1)C1=CC=CC=C1)C(C)C,Final solution dataframe is empty
361,No solutions passed the heavy-atom number check,CC1=NOC([C@H](C(=O)N2C[C@H](O)C[C@H]2C(=O)N[C@@H](CC(=O)N2CCC(N3CC(C#CC4=CC=C(C(=O)N[C@H]5C(C)(C)[C@H](OC6=CC=C(C#N)C(Cl)=C6)C5(C)C)C=C4)C3)CC2)C2=CC=CC=C2)C(C)C)=C1,Final solution dataframe is empty
362,No solutions passed the heavy-atom number check,CC1=NOC([C@H](C(=O)N2C[C@H](O)C[C@H]2C(=O)N[C@@H](CC(=O)N2CC(N3CCC(C#CC4=CC=C(C(=O)N[C@H]5C(C)(C)[C@H](OC6=CC=C(C#N)C(Cl)=C6)C5(C)C)C=C4)CC3)C2)C2=CC=CC=C2)C(C)C)=C1,Final solution dataframe is empty
363,No solutions passed the heavy-atom number check,CC1=NOC([C@H](C(=O)N2C[C@H](O)C[C@H]2C(=O)N[C@@H](CC(=O)N2CCC(C#CC3=CC=C(C(=O)N[C@H]4C(C)(C)[C@H](OC5=CC=C(C#N)C(Cl)=C5)C4(C)C)C=C3)CC2)C2=CC=CC=C2)C(C)C)=C1,Final solution dataframe is empty
364,No solutions passed the heavy-atom number check,CC1=NOC([C@H](C(=O)N2C[C@H](O)C[C@H]2C(=O)N[C@@H](CC(=O)N2CCC(C3CN(C4=CC=C(C(=O)N[C@H]5C(C)(C)[C@H](OC6=CC=C(C#N)C(Cl)=C6)C5(C)C)C=C4)C3)CC2)C2=CC=CC=C2)C(C)C)=C1,Final solution dataframe is empty
365,No solutions passed the heavy-atom number check,CC1=NOC([C@H](C(=O)N2C[C@H](O)C[C@H]2C(=O)N[C@@H](CC(=O)N2CCC(N3CC(C4=CC=C(C(=O)N[C@H]5C(C)(C)[C@H](OC6=CC=C(C#N)C(Cl)=C6)C5(C)C)C=C4)C3)CC2)C2=CC=CC=C2)C(C)C)=C1,Final solution dataframe is empty
366,No solutions passed the heavy-atom number check,CC1=NOC([C@H](C(=O)N2C[C@H](O)C[C@H]2C(=O)N[C@@H](CC(=O)N2CCC(C3=CC=C(C(=O)N[C@H]4C(C)(C)[C@H](OC5=CC=C(C#N)C(Cl)=C5)C4(C)C)C=C3)CC2)C2=CC=CC=C2)C(C)C)=C1,Final solution dataframe is empty
367,No solutions passed the heavy-atom number check,CC1=NOC([C@H](C(=O)N2C[C@H](O)C[C@H]2C(=O)N[C@@H](CC(=O)N2CCN(C3=CC=C(C(=O)N[C@H]4C(C)(C)[C@H](OC5=CC=C(C#N)C(Cl)=C5)C4(C)C)C=C3)CC2)C2=CC=CC=C2)C(C)C)=C1,Final solution dataframe is empty
368,No solutions passed the heavy-atom number check,CC1=NOC([C@H](C(=O)N2C[C@H](O)C[C@H]2C(=O)N[C@@H](CC(=O)N2CCC(C#CC3=CC=C(C(=O)N[C@H]4C(C)(C)[C@H](OC5=CC=C(C#N)C(Cl)=C5)C4(C)C)C=C3)CC2)C2=CC=C(C3=C(C)N=CS3)C=C2)C(C)C)=C1,Final solution dataframe is empty
369,No solutions passed the heavy-atom number check,CC1=NOC([C@H](C(=O)N2C[C@H](O)C[C@H]2C(=O)N[C@@H](CC(=O)N2CCC(C#CC3=CC=C(C(=O)N[C@H]4C(C)(C)[C@H](OC5=CC=C(C#N)C(Cl)=C5)C4(C)C)C=C3)CC2)C2=CC=C(F)C=C2)C(C)C)=C1,Final solution dataframe is empty
370,No solutions passed the heavy-atom number check,CC1=NOC([C@H](C(=O)N2C[C@H](O)C[C@H]2C(=O)N[C@@H](CC(=O)N2CCC(C#CC3=CC=C(C(=O)N[C@H]4C(C)(C)[C@H](OC5=CC=C(C#N)C(Cl)=C5)C4(C)C)C=C3)CC2)C2=CC=C(Cl)C=C2)C(C)C)=C1,Final solution dataframe is empty
371,No solutions passed the heavy-atom number check,CC1=NOC([C@H](C(=O)N2C[C@H](O)C[C@H]2C(=O)N[C@@H](CC(=O)N2CCC(C#CC3=CC=C(C(=O)N[C@H]4C(C)(C)[C@H](OC5=CC=C(C#N)C(Cl)=C5)C4(C)C)C=C3)CC2)C2=CC=C(Br)C=C2)C(C)C)=C1,Final solution dataframe is empty
372,No solutions passed the heavy-atom number check,CC1=NOC([C@H](C(=O)N2C[C@H](O)C[C@H]2C(=O)N[C@@H](CC(=O)N2CCC(C#CC3=CC=C(C(=O)N[C@H]4C(C)(C)[C@H](OC5=CC=C(C#N)C(Cl)=C5)C4(C)C)C=C3)CC2)C2=CC=C(C#N)C=C2)C(C)C)=C1,Final solution dataframe is empty
373,No solutions passed the heavy-atom number check,C#CC1=CC=C([C@H](CC(=O)N2CCC(C#CC3=CC=C(C(=O)N[C@H]4C(C)(C)[C@H](OC5=CC=C(C#N)C(Cl)=C5)C4(C)C)C=C3)CC2)NC(=O)[C@@H]2C[C@@H](O)CN2C(=O)[C@@H](C2=CC(C)=NO2)C(C)C)C=C1,Final solution dataframe is empty
374,No solutions passed the heavy-atom number check,CC(=O)N[C@H](C(=O)N1C[C@H](O)C[C@H]1C(=O)N[C@@H](CC(=O)N1CCC(C#CC2=CC=C(C(=O)N[C@H]3C(C)(C)[C@H](OC4=CC=C(C#N)C(Cl)=C4)C3(C)C)C=C2)CC1)C1=CC=CC=C1)C(C)C,Final solution dataframe is empty
394,No solutions passed the integrity check,CC1=NC2=C(F)C=C(C3=NC(NC4=CC=C(CN5CCN(CC6=CN(CCOCCNC7=CC=CC8=C7C(=O)N(C7CCC(=O)NC7=O)C8=O)N=N6)CC5)C=N4)=NC=C3F)C=C2N1C(C)C,Final solutions dataframe is emtpy
395,No solutions passed the integrity check,CC1=NC2=C(F)C=C(C3=NC(NC4=CC=C(CN5CCN(CC6=CN(CCOCCOCCNC7=CC=CC8=C7C(=O)N(C7CCC(=O)NC7=O)C8=O)N=N6)CC5)C=N4)=NC=C3F)C=C2N1C(C)C,Final solutions dataframe is emtpy
396,No solutions passed the integrity check,CC1=NC2=C(F)C=C(C3=NC(NC4=CC=C(CN5CCN(CC6=CN(CCOCCOCCOCCNC7=CC=CC8=C7C(=O)N(C7CCC(=O)NC7=O)C8=O)N=N6)CC5)C=N4)=NC=C3F)C=C2N1C(C)C,Final solutions dataframe is emtpy
397,No solutions passed the integrity check,CC1=NC2=C(F)C=C(C3=NC(NC4=CC=C(CN5CCN(CC6=CN(CCOCCOCCOCCOCCNC7=CC=CC8=C7C(=O)N(C7CCC(=O)NC7=O)C8=O)N=N6)CC5)C=N4)=NC=C3F)C=C2N1C(C)C,Final solutions dataframe is emtpy
420,E3 ligand matching failed,CC(=O)C1=C(C)C2=CN=C(NC3=CC=C(N4CCN(CC5=CN(CCOCCNC(=O)[C@H](CC(C)C)NC(=O)[C@@H](O)[C@H](N)CC6=CC=CC=C6)N=N5)CC4)C=N3)N=C2N(C2CCCC2)C1=O,No substructure matches found
421,E3 ligand matching failed,CC(=O)C1=C(C)C2=CN=C(NC3=CC=C(N4CCN(CC5=CN(CCOCCOCCNC(=O)[C@H](CC(C)C)NC(=O)[C@@H](O)[C@H](N)CC6=CC=CC=C6)N=N5)CC4)C=N3)N=C2N(C2CCCC2)C1=O,No substructure matches found
422,E3 ligand matching failed,CC(=O)C1=C(C)C2=CN=C(NC3=CC=C(N4CCN(CC5=CN(CCOCCOCCOCCNC(=O)[C@H](CC(C)C)NC(=O)[C@@H](O)[C@H](N)CC6=CC=CC=C6)N=N5)CC4)C=N3)N=C2N(C2CCCC2)C1=O,No substructure matches found
423,E3 ligand matching failed,CC(=O)C1=C(C)C2=CN=C(NC3=CC=C(N4CCN(CC5=CN(CCOCCOCCOCCOCCNC(=O)[C@H](CC(C)C)NC(=O)[C@@H](O)[C@H](N)CC6=CC=CC=C6)N=N5)CC4)C=N3)N=C2N(C2CCCC2)C1=O,No substructure matches found
480,Warhead matching failed,NC(=O)CC[C@H](NC(=O)[C@@H]1CC[C@@H]2CCN(CCCCCCC#CC3=CC=CC4=C3CN(C3CCC(=O)NC3=O)C4=O)C[C@H](NC(=O)C3=CC4=CC(C(F)(F)P(=O)(O)O)=CC=C4[NH]3)C(=O)N12)C(=O)NC(C1=CC=CC=C1)C1=CC=CC=C1,No substructure matches found
481,No solutions passed the integrity check,NC(=O)CC[C@H](NC(=O)[C@@H]1CC[C@@H]2CCN(C(=O)OCCCCC#CC3=CC=CC4=C3CN(C3CCC(=O)NC3=O)C4=O)C[C@H](NC(=O)C3=CC4=CC(C(F)(F)P(=O)(O)O)=CC=C4[NH]3)C(=O)N12)C(=O)NC(C1=CC=CC=C1)C1=CC=CC=C1,Final solutions dataframe is emtpy
482,No solutions passed the integrity check,NC(=O)CC[C@H](NC(=O)[C@@H]1CC[C@@H]2CCN(C(=O)NCCCCC#CC3=CC=CC4=C3CN(C3CCC(=O)NC3=O)C4=O)C[C@H](NC(=O)C3=CC4=CC(C(F)(F)P(=O)(O)O)=CC=C4[NH]3)C(=O)N12)C(=O)NC(C1=CC=CC=C1)C1=CC=CC=C1,Final solutions dataframe is emtpy
483,No solutions passed the integrity check,NC(=O)CC[C@H](NC(=O)[C@@H]1CC[C@@H]2CCN(C(=O)C3=CN(CCCC#CC4=CC=CC5=C4CN(C4CCC(=O)NC4=O)C5=O)N=C3)C[C@H](NC(=O)C3=CC4=CC(C(F)(F)P(=O)(O)O)=CC=C4[NH]3)C(=O)N12)C(=O)NC(C1=CC=CC=C1)C1=CC=CC=C1,Final solutions dataframe is emtpy
485,No solutions passed the integrity check,NC(=O)CC[C@H](NC(=O)[C@@H]1CC[C@@H]2CCN(C(=O)N3CCC(CCC#CC4=CC=CC5=C4CN(C4CCC(=O)NC4=O)C5=O)CC3)C[C@H](NC(=O)C3=CC4=CC(C(F)(F)P(=O)(O)O)=CC=C4[NH]3)C(=O)N12)C(=O)NC(C1=CC=CC=C1)C1=CC=CC=C1,Final solutions dataframe is emtpy
545,No solutions passed the integrity check,CCOC1=CC(C(C)(C)C)=CC=C1C1=NC(C2=CC=C(Cl)C=C2)C(C2=CC=C(Cl)C=C2)N1C(=O)N1CCN(C(=O)CCC#CC2=CC=CC3=C2CN(C2CCC(=O)NC2=O)C3=O)CC1,Final solutions dataframe is emtpy
546,No solutions passed the integrity check,CCOC1=CC(C(C)(C)C)=CC=C1C1=NC(C2=CC=C(Cl)C=C2)C(C2=CC=C(Cl)C=C2)N1C(=O)N1CCN(C(=O)CCCC#CC2=CC=CC3=C2CN(C2CCC(=O)NC2=O)C3=O)CC1,Final solutions dataframe is emtpy
547,No solutions passed the integrity check,CCOC1=CC(C(C)(C)C)=CC=C1C1=NC(C2=CC=C(Cl)C=C2)C(C2=CC=C(Cl)C=C2)N1C(=O)N1CCN(C(=O)CCCCC#CC2=CC=CC3=C2CN(C2CCC(=O)NC2=O)C3=O)CC1,Final solutions dataframe is emtpy
548,No solutions passed the integrity check,CCOC1=CC(C(C)(C)C)=CC=C1C1=NC(C2=CC=C(Cl)C=C2)C(C2=CC=C(Cl)C=C2)N1C(=O)N1CCN(C(=O)CNC(=O)CCC#CC2=CC=CC3=C2CN(C2CCC(=O)NC2=O)C3=O)CC1,Final solutions dataframe is emtpy
549,No solutions passed the integrity check,CCOC1=CC(C(C)(C)C)=CC=C1C1=NC(C2=CC=C(Cl)C=C2)C(C2=CC=C(Cl)C=C2)N1C(=O)N1CCN(C(=O)CNC(=O)CCCC#CC2=CC=CC3=C2CN(C2CCC(=O)NC2=O)C3=O)CC1,Final solutions dataframe is emtpy
550,No solutions passed the integrity check,CCOC1=CC(C(C)(C)C)=CC=C1C1=NC(C2=CC=C(Cl)C=C2)C(C2=CC=C(Cl)C=C2)N1C(=O)N1CCN(C(=O)CNC(=O)CCCCC#CC2=CC=CC3=C2CN(C2CCC(=O)NC2=O)C3=O)CC1,Final solutions dataframe is emtpy
555,No solutions passed the integrity check,CCOC1=CC(C(C)(C)C)=CC=C1C1=NC(C2=CC=C(Cl)C=C2)C(C2=CC=C(Cl)C=C2)N1C(=O)N1CCN(C(=O)CNC2=CC=CC3=C2CN(C2CCC(=O)NC2=O)C3=O)CC1,Final solutions dataframe is emtpy
569,E3 ligand matching failed,CC1=C(C2=CC=C(CNC(=O)[C@@H]3C[C@@H](O)CN3C(=O)[C@@H](NCCOCCOCCOCCN3CCN(C4=CC=C(NC5=CC6=C(N7CCC(CO)CC7)N=C(NC7=CC=C(F)C=C7)N=C6C=N5)N=C4)CC3)C(C)(C)C)C=C2)SC=N1,No substructure matches found
570,E3 ligand matching failed,CC1=C(C2=CC=C(CNC(=O)[C@@H]3C[C@@H](O)CN3C(=O)[C@@H](NCCOCCOCCN3CCN(C4=CC=C(NC5=CC6=C(N7CCC(CO)CC7)N=C(NC7=CC=C(F)C=C7)N=C6C=N5)N=C4)CC3)C(C)(C)C)C=C2)SC=N1,No substructure matches found
571,E3 ligand matching failed,CC1=C(C2=CC=C(CNC(=O)[C@@H]3C[C@@H](O)CN3C(=O)[C@@H](NCCOCCOCCN3C=C(CN4CCN(C5=CC=C(NC6=CC7=C(N8CCC(CO)CC8)N=C(NC8=CC=C(F)C=C8)N=C7C=N6)N=C5)CC4)N=N3)C(C)(C)C)C=C2)SC=N1,No substructure matches found
572,No solutions passed the integrity check,C=CC(=O)NC1=CC=CC(N2C(=O)C=C(C)C3=CN=C(NC4=CC=C(N5CCN(C(=O)CCCCCCCCCCC(=O)NC6=CC=CC7=C6C(=O)N(C6CCC(=O)NC6=O)C7=O)CC5)C=C4OC)N=C32)=C1,Final solutions dataframe is emtpy
573,E3 ligand matching failed,C=CC(=O)NC1=CC=CC(N2C(=O)C=C(C)C3=CN=C(NC4=CC=C(N5CCN(C(=O)CCCCCCCCCCCNC(=O)[C@H](CC(C)C)NC(=O)[C@@H](O)[C@H](N)CC6=CC=CC=C6)CC5)C=C4OC)N=C32)=C1,No substructure matches found
574,E3 ligand matching failed,C=CC(=O)NC1=CC=CC(N2C(=O)C=C(C)C3=CN=C(NC4=CC=C(N5CCN(C(=O)CCCCCCCCCCCNC(=O)C6=CC=C(NC(=O)[C@@H]7N[C@@H](CC(C)(C)C)[C@](C#N)(C8=CC=C(Cl)C=C8F)[C@H]7C7=CC=CC(Cl)=C7F)C(OC)=C6)CC5)C=C4OC)N=C32)=C1,No substructure matches found
575,E3 ligand matching failed,C=CC(=O)NC1=CC=CC(N2C(=O)C=C(C)C3=CN=C(NC4=CC=C(N5CCN(CCCCCCCCCCCCNC(=O)C6=CC=C(NC(=O)[C@@H]7N[C@@H](CC(C)(C)C)[C@](C#N)(C8=CC=C(Cl)C=C8F)[C@H]7C7=CC=CC(Cl)=C7F)C(OC)=C6)CC5)C=C4OC)N=C32)=C1,No substructure matches found
576,No solutions passed the integrity check,C=CC(=O)NC1=CC=CC(N2C(=O)C=C(C)C3=CN=C(NC4=CC=C(N5CCN(C(=O)CCCCCCCCCCC(=O)N[C@H](C(=O)N6C[C@H](O)C[C@H]6C(=O)NCC6=CC=C(C7=C(C)N=CS7)C=C6)C(C)(C)C)CC5)C=C4OC)N=C32)=C1,Final solutions dataframe is emtpy
578,E3 ligand matching failed,C=CC(=O)NC1=CC=CC(N2C(=O)C=C(C)C3=CN=C(NC4=CC=C(N5CCN(C(=O)CCCCCCCCCNC(=O)C6=CC=C(NC(=O)[C@@H]7N[C@@H](CC(C)(C)C)[C@](C#N)(C8=CC=C(Cl)C=C8F)[C@H]7C7=CC=CC(Cl)=C7F)C(OC)=C6)CC5)C=C4OC)N=C32)=C1,No substructure matches found
579,E3 ligand matching failed,C=CC(=O)NC1=CC=CC(N2C(=O)C=C(C)C3=CN=C(NC4=CC=C(N5CCN(C(=O)CCCCCCCNC(=O)C6=CC=C(NC(=O)[C@@H]7N[C@@H](CC(C)(C)C)[C@](C#N)(C8=CC=C(Cl)C=C8F)[C@H]7C7=CC=CC(Cl)=C7F)C(OC)=C6)CC5)C=C4OC)N=C32)=C1,No substructure matches found
580,E3 ligand matching failed,C=CC(=O)NC1=CC=CC(N2C(=O)C=C(C)C3=CN=C(NC4=CC=C(N5CCN(C(=O)CCCCCNC(=O)C6=CC=C(NC(=O)[C@@H]7N[C@@H](CC(C)(C)C)[C@](C#N)(C8=CC=C(Cl)C=C8F)[C@H]7C7=CC=CC(Cl)=C7F)C(OC)=C6)CC5)C=C4OC)N=C32)=C1,No substructure matches found
581,No solutions passed the integrity check,C=CC(=O)NC1=CC=CC(N2C(=O)C=C(C)C3=CN=C(NC4=CC=C(N5CCN(C(=O)CCCCCCCCC(=O)N[C@H](C(=O)N6C[C@H](O)C[C@H]6C(=O)NCC6=CC=C(C7=C(C)N=CS7)C=C6)C(C)(C)C)CC5)C=C4OC)N=C32)=C1,Final solutions dataframe is emtpy
582,No solutions passed the integrity check,C=CC(=O)NC1=CC=CC(N2C(=O)C=C(C)C3=CN=C(NC4=CC=C(N5CCN(C(=O)CCCCCCC(=O)N[C@H](C(=O)N6C[C@H](O)C[C@H]6C(=O)NCC6=CC=C(C7=C(C)N=CS7)C=C6)C(C)(C)C)CC5)C=C4OC)N=C32)=C1,Final solutions dataframe is emtpy
583,No solutions passed the integrity check,C=CC(=O)NC1=CC=CC(N2C(=O)C=C(C)C3=CN=C(NC4=CC=C(N5CCN(C(=O)CCCCC(=O)N[C@H](C(=O)N6C[C@H](O)C[C@H]6C(=O)NCC6=CC=C(C7=C(C)N=CS7)C=C6)C(C)(C)C)CC5)C=C4OC)N=C32)=C1,Final solutions dataframe is emtpy
608,No solutions passed the integrity check,O=C(COC1=CC=CC2=C1C(=O)N(C1CCC(=O)NC1=O)C2=O)NCCCC(=O)N1CCN(CC2=CC=C(NC(=O)C3=C(NC4=NC=NC5=C4C=C[NH]5)C=N[NH]3)C=C2)CC1,Final solutions dataframe is emtpy
609,No solutions passed the integrity check,O=C(COC1=CC=CC2=C1C(=O)N(C1CCC(=O)NC1=O)C2=O)NCCCCCC(=O)N1CCN(CC2=CC=C(NC(=O)C3=C(NC4=NC=NC5=C4C=C[NH]5)C=N[NH]3)C=C2)CC1,Final solutions dataframe is emtpy
610,No solutions passed the integrity check,O=C(CCC(=O)N1CCN(CC2=CC=C(NC(=O)C3=C(NC4=NC=NC5=C4C=C[NH]5)C=N[NH]3)C=C2)CC1)NCCNC1=CC=CC2=C1C(=O)N(C1CCC(=O)NC1=O)C2=O,Final solutions dataframe is emtpy
611,No solutions passed the integrity check,O=C(CCC(=O)N1CCN(CC2=CC=C(NC(=O)C3=C(NC4=NC=NC5=C4C=C[NH]5)C=N[NH]3)C=C2)CC1)NCCCCNC1=CC=CC2=C1C(=O)N(C1CCC(=O)NC1=O)C2=O,Final solutions dataframe is emtpy
612,No solutions passed the integrity check,O=C(CCC(=O)N1CCN(CC2=CC=C(NC(=O)C3=C(NC4=NC=NC5=C4C=C[NH]5)C=N[NH]3)C=C2)CC1)NCCCCCCNC1=CC=CC2=C1C(=O)N(C1CCC(=O)NC1=O)C2=O,Final solutions dataframe is emtpy
613,No solutions passed the integrity check,O=C(CCC(=O)N1CCN(CC2=CC=C(NC(=O)C3=C(NC4=NC=NC5=C4C=C[NH]5)C=N[NH]3)C=C2)CC1)NCCNC(=O)COC1=CC=CC2=C1C(=O)N(C1CCC(=O)NC1=O)C2=O,Final solutions dataframe is emtpy
614,No solutions passed the integrity check,O=C(CCC(=O)N1CCN(CC2=CC=C(NC(=O)C3=C(NC4=NC=NC5=C4C=C[NH]5)C=N[NH]3)C=C2)CC1)NCCCCNC(=O)COC1=CC=CC2=C1C(=O)N(C1CCC(=O)NC1=O)C2=O,Final solutions dataframe is emtpy
615,No solutions passed the integrity check,O=C(CCC(=O)N1CCN(CC2=CC=C(NC(=O)C3=C(NC4=NC=NC5=C4C=C[NH]5)C=N[NH]3)C=C2)CC1)NCCCCCCNC(=O)COC1=CC=CC2=C1C(=O)N(C1CCC(=O)NC1=O)C2=O,Final solutions dataframe is emtpy
616,No solutions passed the integrity check,O=C(COC1=CC=CC2=C1C(=O)N(C1CCC(=O)NC1=O)C2=O)NCCOCCOCC(=O)N1CCN(CC2=CC=C(NC(=O)C3=C(NC4=NC=NC5=C4C=C[NH]5)C=N[NH]3)C=C2)CC1,Final solutions dataframe is emtpy
617,No solutions passed the integrity check,O=C(CCC(=O)N1CCN(CC2=CC=C(NC(=O)C3=C(NC4=NC=NC5=C4C=C[NH]5)C=N[NH]3)C=C2)CC1)NCCCOCCOCCOCCCNC(=O)COC1=CC=CC2=C1C(=O)N(C1CCC(=O)NC1=O)C2=O,Final solutions dataframe is emtpy
677,No solutions passed the integrity check,NC1=NC2=C(C(=O)[NH]1)[N+](CC1=CC=CC=C1)=CN2[C@@H]1O[C@H](COP(=O)(O)NCCCCCC(=O)NC2=CC=CC3=C2CN(C2CCC(=O)NC2=O)C3=O)[C@@H](O)[C@H]1O,Final solutions dataframe is emtpy
678,No solutions passed the integrity check,NC1=NC2=C(C(=O)[NH]1)[N+](CC1=CC=C(F)C=C1)=CN2[C@@H]1O[C@H](COP(=O)(O)NCCCCCC(=O)NC2=CC=CC3=C2CN(C2CCC(=O)NC2=O)C3=O)[C@@H](O)[C@H]1O,Final solutions dataframe is emtpy
679,Warhead matching failed,NC1=NC2=C(N=CN2[C@@H]2O[C@H](COS(=O)(=O)NC(=O)CCC(=O)NCCCCCC(=O)NC3=CC=CC4=C3CN(C3CCC(=O)NC3=O)C4=O)[C@@H](O)[C@H]2O)C(=O)[NH]1,No substructure matches found
680,Warhead matching failed,NC1=NC2=C(C(=O)[NH]1)[N+](CC1=CC=CC=C1)=CN2[C@@H]1O[C@H](COS(=O)(=O)NC(=O)CCC(=O)NCCCCCC(=O)NC2=CC=CC3=C2CN(C2CCC(=O)NC2=O)C3=O)[C@@H](O)[C@H]1O,No substructure matches found
681,Warhead matching failed,NC1=NC2=C(C(=O)[NH]1)[N+](CC1=CC=C(F)C=C1)=CN2[C@@H]1O[C@H](COS(=O)(=O)NC(=O)CCC(=O)NCCCCCC(=O)NC2=CC=CC3=C2CN(C2CCC(=O)NC2=O)C3=O)[C@@H](O)[C@H]1O,No substructure matches found
705,No solutions passed the integrity check,CC(=O)C1=C(C)C2=CN=C(NC3=CC=C(N4CCN(C5=CC=CC6=C5C(=O)N(C5CCC(=O)NC5=O)C6=O)CC4)C=N3)N=C2N(C2CCCC2)C1=O,Final solutions dataframe is emtpy
731,E3 ligand matching failed,CC(C)C[C@H](NC(=O)[C@@H](O)[C@H](N)CC1=CC=CC=C1)C(=O)NCCOCCOCCOCC(=O)NCCCOC1=CC(/C=C/C(=O)C2=CC(C(C)(C)C)=CC(C(C)(C)C)=C2)=CC=C1C(=O)O,No substructure matches found
732,Warhead matching failed,CC(C)C[C@H](NC(=O)[C@@H](O)[C@H](N)CC1=CC=CC=C1)C(=O)NCCOCCOCCNC(=O)CO/N=C1\CC[C@H]2[C@@H]3CCC4=CC(O)=CC=C4[C@H]3CC[C@]12C,No substructure matches found
733,E3 ligand matching failed,CC(C)C[C@H](NC(=O)[C@@H](O)[C@H](N)CC1=CC=CC=C1)C(=O)NCCOCCOCCOCC(=O)O[C@H]1CC[C@H]2[C@@H]3CC[C@H]4CC(=O)CC[C@]4(C)[C@H]3CC[C@]12C,No substructure matches found
734,E3 ligand matching failed,CC1=C(/C=C/C(C)=C/C=C/C(C)=C/C(=O)O)C(C)(C)CC/C1=N\OCC(=O)NCCOCCOCCNC(=O)[C@H](CC(C)C)NC(=O)[C@@H](O)[C@H](N)CC1=CC=CC=C1,No substructure matches found
747,E3 ligand matching failed,CC1=CC=C(NC(=O)C2=CC=C(CNC(=O)CCCCNC(=O)[C@H](CC(C)C)NC(=O)[C@@H](O)[C@H](N)CC3=CC=CC=C3)C=C2)C=C1NC1=NC=CC(C2=CC=CN=C2)=N1,No substructure matches found
748,E3 ligand matching failed,CC1=CC=C(NC(=O)C2=CC=C(CNC(=O)CCCCCCNC(=O)[C@H](CC(C)C)NC(=O)[C@@H](O)[C@H](N)CC3=CC=CC=C3)C=C2)C=C1NC1=NC=CC(C2=CC=CN=C2)=N1,No substructure matches found
749,E3 ligand matching failed,CC1=CC=C(NC(=O)C2=CC=C(CNC(=O)CCCCCCCCCCNC(=O)[C@H](CC(C)C)NC(=O)[C@@H](O)[C@H](N)CC3=CC=CC=C3)C=C2)C=C1NC1=NC=CC(C2=CC=CN=C2)=N1,No substructure matches found
761,No solutions passed the integrity check,CN[C@@H](C)C(=O)N[C@H](C(=O)N1C[C@@H](NC(=O)CCCCCCCCCOC2=CC(F)=CC(CNC3=NC(NC4=CN(C)N=C4)=NC=C3Cl)=C2F)C[C@H]1C(=O)N[C@@H]1CCCC2=CC=CC=C21)C1CCCCC1,Final solutions dataframe is emtpy
762,No solutions passed the integrity check,CC1=C(C2=CC=C(CNC(=O)[C@@H]3C[C@@H](O)CN3C(=O)[C@@H](NC(=O)CCCCCCCCCOC3=CC(F)=CC(CNC4=NC(NC5=CN(C)N=C5)=NC=C4Cl)=C3F)C(C)(C)C)C=C2)SC=N1,Final solutions dataframe is emtpy
763,No solutions passed the integrity check,CN1C=C(NC2=NC=C(Cl)C(NCC3=CC(F)=CC(OCCCCCCCCCC(=O)NC4=CC=CC5=C4CN(C4CCC(=O)NC4=O)C5=O)=C3F)=N2)C=N1,Final solutions dataframe is emtpy
764,No solutions passed the integrity check,CN[C@@H](C)C(=O)N[C@H](C(=O)N1C[C@@H](NC(=O)COCCOCCOCCOCCOC2=CC(F)=CC(CNC3=NC(NC4=CN(C)N=C4)=NC=C3Cl)=C2F)C[C@H]1C(=O)N[C@@H]1CCCC2=CC=CC=C21)C1CCCCC1,Final solutions dataframe is emtpy
765,No solutions passed the integrity check,CC1=C(C2=CC=C(CNC(=O)[C@@H]3C[C@@H](O)CN3C(=O)[C@@H](NC(=O)COCCOCCOCCOCCOC3=CC(F)=CC(CNC4=NC(NC5=CN(C)N=C5)=NC=C4Cl)=C3F)C(C)(C)C)C=C2)SC=N1,Final solutions dataframe is emtpy
766,No solutions passed the integrity check,CN1C=C(NC2=NC=C(Cl)C(NCC3=CC(F)=CC(OCCOCCOCCOCCOCC(=O)NC4=CC=CC5=C4CN(C4CCC(=O)NC4=O)C5=O)=C3F)=N2)C=N1,Final solutions dataframe is emtpy
767,No solutions passed the integrity check,CN[C@@H](C)C(=O)N[C@H](C(=O)N1C[C@@H](NC(=O)COCCOCCOCCOCCOCCOCCOC2=CC(F)=CC(CNC3=NC(NC4=CN(C)N=C4)=NC=C3Cl)=C2F)C[C@H]1C(=O)N[C@@H]1CCCC2=CC=CC=C21)C1CCCCC1,Final solutions dataframe is emtpy
768,No solutions passed the integrity check,CC1=C(C2=CC=C(CNC(=O)[C@@H]3C[C@@H](O)CN3C(=O)[C@@H](NC(=O)COCCOCCOCCOCCOCCOCCOC3=CC(F)=CC(CNC4=NC(NC5=CN(C)N=C5)=NC=C4Cl)=C3F)C(C)(C)C)C=C2)SC=N1,Final solutions dataframe is emtpy
769,No solutions passed the integrity check,CN1C=C(NC2=NC=C(Cl)C(NCC3=CC(F)=CC(OCCOCCOCCOCCOCCOCCOCC(=O)NC4=CC=CC5=C4CN(C4CCC(=O)NC4=O)C5=O)=C3F)=N2)C=N1,Final solutions dataframe is emtpy
816,No solutions passed the integrity check,CC[C@H]1[C@@H](COC2=NC=C(C#CCN3CCC4(CC3)CCN(C3=NC=C(C(=O)N[C@H](C(=O)N5C[C@H](O)C[C@H]5C(=O)NCC5=CC=C(C6=C(C)N=CS6)C=C5)C(C)(C)C)C=N3)CC4)C3=CC(C(N)=O)=C(OC)C=C23)NC(=O)[C@H]1F,Final solutions dataframe is emtpy
821,E3 ligand matching failed,CC1=C(/C=C/C(C)=C/C=C/C(C)=C/C(=O)O)C(C)(C)CC/C1=N\OCC(=O)NCCOCCOCCNC(=O)C1=CSC(C(=O)C2=C[NH]C3=CC=CC=C23)=N1,No substructure matches found
942,Warhead matching failed,C[C@@H]1C[C@@H](O)C2=NC=NC(N3CCN(C(=O)[C@H](CNCCCCCCCCCCC4=CC=CC5=C4CN(C4CCC(=O)NC4=O)C5=O)C4=CC=C(Cl)C=C4)CC3)=C21,No substructure matches found
979,No solutions passed the integrity check,CN[C@@H](C)C(=O)N[C@H](C(=O)N1CCC[C@H]1C1=NC(C(=O)C2=CC=C(F)C=C2)=CS1)C1CCN(C(=O)C2=CN=C(N3CCN(CCOC4=CC5=NC=NC(NC6=N[NH]C(C)=C6C)=C5C=C4S(=O)(=O)C(C)(C)C)CC3)N=C2)CC1,Final solutions dataframe is emtpy
